base,intersect to,T,det,signature,matrix
1,1,2,-1,1,0 1 2;1 -1 1;2 1 8
1,2,2,-1,1,0 1 2;1 -1 1;2 1 8
1,3,13,121,1,-11 1 0 0 0 0 0 0 0 0 0 0 0 -9;1 -1 1 0 0 0 0 0 0 0 0 0 1 1;0 1 -2 1 0 0 0 0 0 0 0 0 0 0;0 0 1 -2 1 0 0 0 0 0 0 0 0 0;0 0 0 1 -2 1 0 0 0 0 0 0 0 0;0 0 0 0 1 -2 1 0 0 0 0 0 0 0;0 0 0 0 0 1 -2 1 0 0 0 0 0 0;0 0 0 0 0 0 1 -2 1 0 0 0 0 0;0 0 0 0 0 0 0 1 -2 1 0 0 0 0;0 0 0 0 0 0 0 0 1 -2 1 0 0 0;0 0 0 0 0 0 0 0 0 1 -2 1 0 0;0 0 0 0 0 0 0 0 0 0 1 -2 0 0;0 1 0 0 0 0 0 0 0 0 0 0 -1 1;-9 1 0 0 0 0 0 0 0 0 0 0 1 -3
1,4,12,-100,1,-10 1 0 0 0 0 0 0 0 0 0 0 -8;1 -1 1 0 0 0 0 0 0 0 0 1 1;0 1 -2 1 0 0 0 0 0 0 0 0 0;0 0 1 -2 1 0 0 0 0 0 0 0 0;0 0 0 1 -2 1 0 0 0 0 0 0 0;0 0 0 0 1 -2 1 0 0 0 0 0 0;0 0 0 0 0 1 -2 1 0 0 0 0 0;0 0 0 0 0 0 1 -2 1 0 0 0 0;0 0 0 0 0 0 0 1 -2 1 0 0 0;0 0 0 0 0 0 0 0 1 -2 1 0 0;0 0 0 0 0 0 0 0 0 1 -2 0 0;0 1 0 0 0 0 0 0 0 0 0 -1 1;-8 1 0 0 0 0 0 0 0 0 0 1 -2
1,5,11,81,1,-9 1 0 0 0 0 0 0 0 0 0 -7;1 -1 1 0 0 0 0 0 0 0 1 1;0 1 -2 1 0 0 0 0 0 0 0 0;0 0 1 -2 1 0 0 0 0 0 0 0;0 0 0 1 -2 1 0 0 0 0 0 0;0 0 0 0 1 -2 1 0 0 0 0 0;0 0 0 0 0 1 -2 1 0 0 0 0;0 0 0 0 0 0 1 -2 1 0 0 0;0 0 0 0 0 0 0 1 -2 1 0 0;0 0 0 0 0 0 0 0 1 -2 0 0;0 1 0 0 0 0 0 0 0 0 -1 1;-7 1 0 0 0 0 0 0 0 0 1 -1
1,6,10,-64,1,-8 1 0 0 0 0 0 0 0 0 -6;1 -1 1 0 0 0 0 0 0 1 1;0 1 -2 1 0 0 0 0 0 0 0;0 0 1 -2 1 0 0 0 0 0 0;0 0 0 1 -2 1 0 0 0 0 0;0 0 0 0 1 -2 1 0 0 0 0;0 0 0 0 0 1 -2 1 0 0 0;0 0 0 0 0 0 1 -2 1 0 0;0 0 0 0 0 0 0 1 -2 0 0;0 1 0 0 0 0 0 0 0 -1 1;-6 1 0 0 0 0 0 0 0 1 0
1,7,11,225,1,-8 1 0 0 0 0 0 0 0 0 0 -6;1 -2 1 0 0 0 0 0 0 0 0 0;0 1 -1 1 0 0 0 0 0 0 1 1;0 0 1 -3 1 0 0 0 0 0 0 -1;0 0 0 1 -2 1 0 0 0 0 0 0;0 0 0 0 1 -2 1 0 0 0 0 0;0 0 0 0 0 1 -2 1 0 0 0 0;0 0 0 0 0 0 1 -2 1 0 0 0;0 0 0 0 0 0 0 1 -2 1 0 0;0 0 0 0 0 0 0 0 1 -2 0 0;0 0 1 0 0 0 0 0 0 0 -1 1;-6 0 1 -1 0 0 0 0 0 0 1 -1
1,8,9,49,1,-7 1 0 0 0 0 0 0 0 -5;1 -1 1 0 0 0 0 0 1 1;0 1 -2 1 0 0 0 0 0 0;0 0 1 -2 1 0 0 0 0 0;0 0 0 1 -2 1 0 0 0 0;0 0 0 0 1 -2 1 0 0 0;0 0 0 0 0 1 -2 1 0 0;0 0 0 0 0 0 1 -2 0 0;0 1 0 0 0 0 0 0 -1 1;-5 1 0 0 0 0 0 0 1 1
1,9,10,-169,1,-7 1 0 0 0 0 0 0 0 0 -5;1 -2 1 0 0 0 0 0 0 0 0;0 1 -1 1 0 0 0 0 0 1 1;0 0 1 -3 1 0 0 0 0 0 -1;0 0 0 1 -2 1 0 0 0 0 0;0 0 0 0 1 -2 1 0 0 0 0;0 0 0 0 0 1 -2 1 0 0 0;0 0 0 0 0 0 1 -2 1 0 0;0 0 0 0 0 0 0 1 -2 0 0;0 0 1 0 0 0 0 0 0 -1 1;-5 0 1 -1 0 0 0 0 0 1 0
1,10,8,-36,1,-6 1 0 0 0 0 0 0 -4;1 -1 1 0 0 0 0 1 1;0 1 -2 1 0 0 0 0 0;0 0 1 -2 1 0 0 0 0;0 0 0 1 -2 1 0 0 0;0 0 0 0 1 -2 1 0 0;0 0 0 0 0 1 -2 0 0;0 1 0 0 0 0 0 -1 1;-4 1 0 0 0 0 0 1 2
1,11,9,121,1,-6 1 0 0 0 0 0 0 0 -4;1 -2 1 0 0 0 0 0 0 0;0 1 -1 1 0 0 0 0 1 1;0 0 1 -3 1 0 0 0 0 -1;0 0 0 1 -2 1 0 0 0 0;0 0 0 0 1 -2 1 0 0 0;0 0 0 0 0 1 -2 1 0 0;0 0 0 0 0 0 1 -2 0 0;0 0 1 0 0 0 0 0 -1 1;-4 0 1 -1 0 0 0 0 1 1
1,12,7,25,1,-5 1 0 0 0 0 0 -3;1 -1 1 0 0 0 1 1;0 1 -2 1 0 0 0 0;0 0 1 -2 1 0 0 0;0 0 0 1 -2 1 0 0;0 0 0 0 1 -2 0 0;0 1 0 0 0 0 -1 1;-3 1 0 0 0 0 1 3
1,13,8,-81,1,-5 1 0 0 0 0 0 0 -3;1 -2 1 0 0 0 0 0 0;0 1 -1 1 0 0 0 1 1;0 0 1 -3 1 0 0 0 -1;0 0 0 1 -2 1 0 0 0;0 0 0 0 1 -2 1 0 0;0 0 0 0 0 1 -2 0 0;0 0 1 0 0 0 0 -1 1;-3 0 1 -1 0 0 0 1 2
1,14,6,-16,1,-4 1 0 0 0 0 -2;1 -1 1 0 0 1 1;0 1 -2 1 0 0 0;0 0 1 -2 1 0 0;0 0 0 1 -2 0 0;0 1 0 0 0 -1 1;-2 1 0 0 0 1 4
1,15,7,49,1,-4 1 0 0 0 0 0 -2;1 -2 1 0 0 0 0 0;0 1 -1 1 0 0 1 1;0 0 1 -3 1 0 0 -1;0 0 0 1 -2 1 0 0;0 0 0 0 1 -2 0 0;0 0 1 0 0 0 -1 1;-2 0 1 -1 0 0 1 3
1,16,5,9,1,-3 1 0 0 0 -1;1 -1 1 0 1 1;0 1 -2 1 0 0;0 0 1 -2 0 0;0 1 0 0 -1 1;-1 1 0 0 1 5
1,17,6,-25,1,-3 1 0 0 0 0 -1;1 -2 1 0 0 0 0;0 1 -1 1 0 1 1;0 0 1 -3 1 0 -1;0 0 0 1 -2 0 0;0 0 1 0 0 -1 1;-1 0 1 -1 0 1 4
1,18,4,-4,1,-2 1 0 0 0;1 -1 1 1 1;0 1 -2 0 0;0 1 0 -1 1;0 1 0 1 6
1,19,5,9,1,-2 1 0 0 0 0;1 -2 1 0 0 0;0 1 -1 1 1 1;0 0 1 -3 0 -1;0 0 1 0 -1 1;0 0 1 -1 1 5
1,20,2,-1,1,0 1 2;1 -1 1;2 1 8
2,1,2,-1,1,0 1 2;1 -1 1;2 1 8
2,2,4,-4,1,-2 1 0 0 0;1 -1 1 1 1;0 1 -2 0 0;0 1 0 -1 1;0 1 0 1 6
2,3,6,-25,1,-2 1 0 0 0 0 0;1 -3 1 0 0 0 -1;0 1 -1 1 0 1 1;0 0 1 -2 1 0 0;0 0 0 1 -3 0 -1;0 0 1 0 0 -1 1;0 -1 1 0 -1 1 4
2,4,5,9,1,-2 1 0 0 0 0;1 -2 1 0 0 0;0 1 -1 1 1 1;0 0 1 -3 0 -1;0 0 1 0 -1 1;0 0 1 -1 1 5
2,5,7,49,1,-2 1 0 0 0 0 0 0;1 -2 1 0 0 0 0 0;0 1 -3 1 0 0 0 -1;0 0 1 -1 1 0 1 1;0 0 0 1 -2 1 0 0;0 0 0 0 1 -4 0 -2;0 0 0 1 0 0 -1 1;0 0 -1 1 0 -2 1 3
2,6,6,-16,1,-2 1 0 0 0 0 0;1 -2 1 0 0 0 0;0 1 -2 1 0 0 0;0 0 1 -1 1 1 1;0 0 0 1 -4 0 -2;0 0 0 1 0 -1 1;0 0 0 1 -2 1 4
2,7,8,-81,1,-2 1 0 0 0 0 0 0 0;1 -2 1 0 0 0 0 0 0;0 1 -2 1 0 0 0 0 0;0 0 1 -3 1 0 0 0 -1;0 0 0 1 -1 1 0 1 1;0 0 0 0 1 -2 1 0 0;0 0 0 0 0 1 -5 0 -3;0 0 0 0 1 0 0 -1 1;0 0 0 -1 1 0 -3 1 2
2,8,7,25,1,-2 1 0 0 0 0 0 0;1 -2 1 0 0 0 0 0;0 1 -2 1 0 0 0 0;0 0 1 -2 1 0 0 0;0 0 0 1 -1 1 1 1;0 0 0 0 1 -5 0 -3;0 0 0 0 1 0 -1 1;0 0 0 0 1 -3 1 3
2,9,9,121,1,-2 1 0 0 0 0 0 0 0 0;1 -2 1 0 0 0 0 0 0 0;0 1 -2 1 0 0 0 0 0 0;0 0 1 -2 1 0 0 0 0 0;0 0 0 1 -3 1 0 0 0 -1;0 0 0 0 1 -1 1 0 1 1;0 0 0 0 0 1 -2 1 0 0;0 0 0 0 0 0 1 -6 0 -4;0 0 0 0 0 1 0 0 -1 1;0 0 0 0 -1 1 0 -4 1 1
2,10,8,-36,1,-2 1 0 0 0 0 0 0 0;1 -2 1 0 0 0 0 0 0;0 1 -2 1 0 0 0 0 0;0 0 1 -2 1 0 0 0 0;0 0 0 1 -2 1 0 0 0;0 0 0 0 1 -1 1 1 1;0 0 0 0 0 1 -6 0 -4;0 0 0 0 0 1 0 -1 1;0 0 0 0 0 1 -4 1 2
2,11,10,-169,1,-2 1 0 0 0 0 0 0 0 0 0;1 -2 1 0 0 0 0 0 0 0 0;0 1 -2 1 0 0 0 0 0 0 0;0 0 1 -2 1 0 0 0 0 0 0;0 0 0 1 -2 1 0 0 0 0 0;0 0 0 0 1 -3 1 0 0 0 -1;0 0 0 0 0 1 -1 1 0 1 1;0 0 0 0 0 0 1 -2 1 0 0;0 0 0 0 0 0 0 1 -7 0 -5;0 0 0 0 0 0 1 0 0 -1 1;0 0 0 0 0 -1 1 0 -5 1 0
2,12,9,49,1,-2 1 0 0 0 0 0 0 0 0;1 -2 1 0 0 0 0 0 0 0;0 1 -2 1 0 0 0 0 0 0;0 0 1 -2 1 0 0 0 0 0;0 0 0 1 -2 1 0 0 0 0;0 0 0 0 1 -2 1 0 0 0;0 0 0 0 0 1 -1 1 1 1;0 0 0 0 0 0 1 -7 0 -5;0 0 0 0 0 0 1 0 -1 1;0 0 0 0 0 0 1 -5 1 1
2,13,11,225,1,-2 1 0 0 0 0 0 0 0 0 0 0;1 -2 1 0 0 0 0 0 0 0 0 0;0 1 -2 1 0 0 0 0 0 0 0 0;0 0 1 -2 1 0 0 0 0 0 0 0;0 0 0 1 -2 1 0 0 0 0 0 0;0 0 0 0 1 -2 1 0 0 0 0 0;0 0 0 0 0 1 -3 1 0 0 0 -1;0 0 0 0 0 0 1 -1 1 0 1 1;0 0 0 0 0 0 0 1 -2 1 0 0;0 0 0 0 0 0 0 0 1 -8 0 -6;0 0 0 0 0 0 0 1 0 0 -1 1;0 0 0 0 0 0 -1 1 0 -6 1 -1
2,14,10,-64,1,-2 1 0 0 0 0 0 0 0 0 0;1 -2 1 0 0 0 0 0 0 0 0;0 1 -2 1 0 0 0 0 0 0 0;0 0 1 -2 1 0 0 0 0 0 0;0 0 0 1 -2 1 0 0 0 0 0;0 0 0 0 1 -2 1 0 0 0 0;0 0 0 0 0 1 -2 1 0 0 0;0 0 0 0 0 0 1 -1 1 1 1;0 0 0 0 0 0 0 1 -8 0 -6;0 0 0 0 0 0 0 1 0 -1 1;0 0 0 0 0 0 0 1 -6 1 0
2,15,12,-289,1,-2 1 0 0 0 0 0 0 0 0 0 0 0;1 -2 1 0 0 0 0 0 0 0 0 0 0;0 1 -2 1 0 0 0 0 0 0 0 0 0;0 0 1 -2 1 0 0 0 0 0 0 0 0;0 0 0 1 -2 1 0 0 0 0 0 0 0;0 0 0 0 1 -2 1 0 0 0 0 0 0;0 0 0 0 0 1 -2 1 0 0 0 0 0;0 0 0 0 0 0 1 -3 1 0 0 0 -1;0 0 0 0 0 0 0 1 -1 1 0 1 1;0 0 0 0 0 0 0 0 1 -2 1 0 0;0 0 0 0 0 0 0 0 0 1 -9 0 -7;0 0 0 0 0 0 0 0 1 0 0 -1 1;0 0 0 0 0 0 0 -1 1 0 -7 1 -2
2,16,11,81,1,-2 1 0 0 0 0 0 0 0 0 0 0;1 -2 1 0 0 0 0 0 0 0 0 0;0 1 -2 1 0 0 0 0 0 0 0 0;0 0 1 -2 1 0 0 0 0 0 0 0;0 0 0 1 -2 1 0 0 0 0 0 0;0 0 0 0 1 -2 1 0 0 0 0 0;0 0 0 0 0 1 -2 1 0 0 0 0;0 0 0 0 0 0 1 -2 1 0 0 0;0 0 0 0 0 0 0 1 -1 1 1 1;0 0 0 0 0 0 0 0 1 -9 0 -7;0 0 0 0 0 0 0 0 1 0 -1 1;0 0 0 0 0 0 0 0 1 -7 1 -1
2,17,12,-100,1,-2 1 0 0 0 0 0 0 0 0 0 0 0;1 -2 1 0 0 0 0 0 0 0 0 0 0;0 1 -2 1 0 0 0 0 0 0 0 0 0;0 0 1 -2 1 0 0 0 0 0 0 0 0;0 0 0 1 -2 1 0 0 0 0 0 0 0;0 0 0 0 1 -2 1 0 0 0 0 0 0;0 0 0 0 0 1 -2 1 0 0 0 0 0;0 0 0 0 0 0 1 -2 1 0 0 0 0;0 0 0 0 0 0 0 1 -2 1 0 0 0;0 0 0 0 0 0 0 0 1 -1 1 1 1;0 0 0 0 0 0 0 0 0 1 -10 0 -8;0 0 0 0 0 0 0 0 0 1 0 -1 1;0 0 0 0 0 0 0 0 0 1 -8 1 -2
2,18,13,121,1,-2 1 0 0 0 0 0 0 0 0 0 0 0 0;1 -2 1 0 0 0 0 0 0 0 0 0 0 0;0 1 -2 1 0 0 0 0 0 0 0 0 0 0;0 0 1 -2 1 0 0 0 0 0 0 0 0 0;0 0 0 1 -2 1 0 0 0 0 0 0 0 0;0 0 0 0 1 -2 1 0 0 0 0 0 0 0;0 0 0 0 0 1 -2 1 0 0 0 0 0 0;0 0 0 0 0 0 1 -2 1 0 0 0 0 0;0 0 0 0 0 0 0 1 -2 1 0 0 0 0;0 0 0 0 0 0 0 0 1 -2 1 0 0 0;0 0 0 0 0 0 0 0 0 1 -1 1 1 1;0 0 0 0 0 0 0 0 0 0 1 -11 0 -9;0 0 0 0 0 0 0 0 0 0 1 0 -1 1;0 0 0 0 0 0 0 0 0 0 1 -9 1 -3
2,19,14,-144,1,-2 1 0 0 0 0 0 0 0 0 0 0 0 0 0;1 -2 1 0 0 0 0 0 0 0 0 0 0 0 0;0 1 -2 1 0 0 0 0 0 0 0 0 0 0 0;0 0 1 -2 1 0 0 0 0 0 0 0 0 0 0;0 0 0 1 -2 1 0 0 0 0 0 0 0 0 0;0 0 0 0 1 -2 1 0 0 0 0 0 0 0 0;0 0 0 0 0 1 -2 1 0 0 0 0 0 0 0;0 0 0 0 0 0 1 -2 1 0 0 0 0 0 0;0 0 0 0 0 0 0 1 -2 1 0 0 0 0 0;0 0 0 0 0 0 0 0 1 -2 1 0 0 0 0;0 0 0 0 0 0 0 0 0 1 -2 1 0 0 0;0 0 0 0 0 0 0 0 0 0 1 -1 1 1 1;0 0 0 0 0 0 0 0 0 0 0 1 -12 0 -10;0 0 0 0 0 0 0 0 0 0 0 1 0 -1 1;0 0 0 0 0 0 0 0 0 0 0 1 -10 1 -4
2,20,2,-1,1,0 1 2;1 -1 1;2 1 8
3,1,2,-1,1,0 1 2;1 -1 1;2 1 8
3,2,5,9,1,-3 1 0 0 0 -1;1 -1 1 0 1 1;0 1 -2 1 0 0;0 0 1 -2 0 0;0 1 0 0 -1 1;-1 1 0 0 1 5
3,3,4,-4,1,-2 1 0 0 0;1 -1 1 1 1;0 1 -2 0 0;0 1 0 -1 1;0 1 0 1 6
3,4,6,-25,1,-2 1 0 0 0 0 0;1 -3 1 0 0 0 -1;0 1 -1 1 0 1 1;0 0 1 -2 1 0 0;0 0 0 1 -3 0 -1;0 0 1 0 0 -1 1;0 -1 1 0 -1 1 4
3,5,5,9,1,-2 1 0 0 0 0;1 -2 1 0 0 0;0 1 -1 1 1 1;0 0 1 -3 0 -1;0 0 1 0 -1 1;0 0 1 -1 1 5
3,6,7,49,1,-2 1 0 0 0 0 0 0;1 -2 1 0 0 0 0 0;0 1 -3 1 0 0 0 -1;0 0 1 -1 1 0 1 1;0 0 0 1 -2 1 0 0;0 0 0 0 1 -4 0 -2;0 0 0 1 0 0 -1 1;0 0 -1 1 0 -2 1 3
3,7,6,-16,1,-2 1 0 0 0 0 0;1 -2 1 0 0 0 0;0 1 -2 1 0 0 0;0 0 1 -1 1 1 1;0 0 0 1 -4 0 -2;0 0 0 1 0 -1 1;0 0 0 1 -2 1 4
3,8,8,-81,1,-2 1 0 0 0 0 0 0 0;1 -2 1 0 0 0 0 0 0;0 1 -2 1 0 0 0 0 0;0 0 1 -3 1 0 0 0 -1;0 0 0 1 -1 1 0 1 1;0 0 0 0 1 -2 1 0 0;0 0 0 0 0 1 -5 0 -3;0 0 0 0 1 0 0 -1 1;0 0 0 -1 1 0 -3 1 2
3,9,7,25,1,-2 1 0 0 0 0 0 0;1 -2 1 0 0 0 0 0;0 1 -2 1 0 0 0 0;0 0 1 -2 1 0 0 0;0 0 0 1 -1 1 1 1;0 0 0 0 1 -5 0 -3;0 0 0 0 1 0 -1 1;0 0 0 0 1 -3 1 3
3,10,9,121,1,-2 1 0 0 0 0 0 0 0 0;1 -2 1 0 0 0 0 0 0 0;0 1 -2 1 0 0 0 0 0 0;0 0 1 -2 1 0 0 0 0 0;0 0 0 1 -3 1 0 0 0 -1;0 0 0 0 1 -1 1 0 1 1;0 0 0 0 0 1 -2 1 0 0;0 0 0 0 0 0 1 -6 0 -4;0 0 0 0 0 1 0 0 -1 1;0 0 0 0 -1 1 0 -4 1 1
3,11,8,-36,1,-2 1 0 0 0 0 0 0 0;1 -2 1 0 0 0 0 0 0;0 1 -2 1 0 0 0 0 0;0 0 1 -2 1 0 0 0 0;0 0 0 1 -2 1 0 0 0;0 0 0 0 1 -1 1 1 1;0 0 0 0 0 1 -6 0 -4;0 0 0 0 0 1 0 -1 1;0 0 0 0 0 1 -4 1 2
3,12,10,-169,1,-2 1 0 0 0 0 0 0 0 0 0;1 -2 1 0 0 0 0 0 0 0 0;0 1 -2 1 0 0 0 0 0 0 0;0 0 1 -2 1 0 0 0 0 0 0;0 0 0 1 -2 1 0 0 0 0 0;0 0 0 0 1 -3 1 0 0 0 -1;0 0 0 0 0 1 -1 1 0 1 1;0 0 0 0 0 0 1 -2 1 0 0;0 0 0 0 0 0 0 1 -7 0 -5;0 0 0 0 0 0 1 0 0 -1 1;0 0 0 0 0 -1 1 0 -5 1 0
3,13,9,49,1,-2 1 0 0 0 0 0 0 0 0;1 -2 1 0 0 0 0 0 0 0;0 1 -2 1 0 0 0 0 0 0;0 0 1 -2 1 0 0 0 0 0;0 0 0 1 -2 1 0 0 0 0;0 0 0 0 1 -2 1 0 0 0;0 0 0 0 0 1 -1 1 1 1;0 0 0 0 0 0 1 -7 0 -5;0 0 0 0 0 0 1 0 -1 1;0 0 0 0 0 0 1 -5 1 1
3,14,11,225,1,-2 1 0 0 0 0 0 0 0 0 0 0;1 -2 1 0 0 0 0 0 0 0 0 0;0 1 -2 1 0 0 0 0 0 0 0 0;0 0 1 -2 1 0 0 0 0 0 0 0;0 0 0 1 -2 1 0 0 0 0 0 0;0 0 0 0 1 -2 1 0 0 0 0 0;0 0 0 0 0 1 -3 1 0 0 0 -1;0 0 0 0 0 0 1 -1 1 0 1 1;0 0 0 0 0 0 0 1 -2 1 0 0;0 0 0 0 0 0 0 0 1 -8 0 -6;0 0 0 0 0 0 0 1 0 0 -1 1;0 0 0 0 0 0 -1 1 0 -6 1 -1
3,15,10,-64,1,-2 1 0 0 0 0 0 0 0 0 0;1 -2 1 0 0 0 0 0 0 0 0;0 1 -2 1 0 0 0 0 0 0 0;0 0 1 -2 1 0 0 0 0 0 0;0 0 0 1 -2 1 0 0 0 0 0;0 0 0 0 1 -2 1 0 0 0 0;0 0 0 0 0 1 -2 1 0 0 0;0 0 0 0 0 0 1 -1 1 1 1;0 0 0 0 0 0 0 1 -8 0 -6;0 0 0 0 0 0 0 1 0 -1 1;0 0 0 0 0 0 0 1 -6 1 0
3,16,12,-289,1,-2 1 0 0 0 0 0 0 0 0 0 0 0;1 -2 1 0 0 0 0 0 0 0 0 0 0;0 1 -2 1 0 0 0 0 0 0 0 0 0;0 0 1 -2 1 0 0 0 0 0 0 0 0;0 0 0 1 -2 1 0 0 0 0 0 0 0;0 0 0 0 1 -2 1 0 0 0 0 0 0;0 0 0 0 0 1 -2 1 0 0 0 0 0;0 0 0 0 0 0 1 -3 1 0 0 0 -1;0 0 0 0 0 0 0 1 -1 1 0 1 1;0 0 0 0 0 0 0 0 1 -2 1 0 0;0 0 0 0 0 0 0 0 0 1 -9 0 -7;0 0 0 0 0 0 0 0 1 0 0 -1 1;0 0 0 0 0 0 0 -1 1 0 -7 1 -2
3,17,11,81,1,-2 1 0 0 0 0 0 0 0 0 0 0;1 -2 1 0 0 0 0 0 0 0 0 0;0 1 -2 1 0 0 0 0 0 0 0 0;0 0 1 -2 1 0 0 0 0 0 0 0;0 0 0 1 -2 1 0 0 0 0 0 0;0 0 0 0 1 -2 1 0 0 0 0 0;0 0 0 0 0 1 -2 1 0 0 0 0;0 0 0 0 0 0 1 -2 1 0 0 0;0 0 0 0 0 0 0 1 -1 1 1 1;0 0 0 0 0 0 0 0 1 -9 0 -7;0 0 0 0 0 0 0 0 1 0 -1 1;0 0 0 0 0 0 0 0 1 -7 1 -1
3,18,12,-100,1,-2 1 0 0 0 0 0 0 0 0 0 0 0;1 -2 1 0 0 0 0 0 0 0 0 0 0;0 1 -2 1 0 0 0 0 0 0 0 0 0;0 0 1 -2 1 0 0 0 0 0 0 0 0;0 0 0 1 -2 1 0 0 0 0 0 0 0;0 0 0 0 1 -2 1 0 0 0 0 0 0;0 0 0 0 0 1 -2 1 0 0 0 0 0;0 0 0 0 0 0 1 -2 1 0 0 0 0;0 0 0 0 0 0 0 1 -2 1 0 0 0;0 0 0 0 0 0 0 0 1 -1 1 1 1;0 0 0 0 0 0 0 0 0 1 -10 0 -8;0 0 0 0 0 0 0 0 0 1 0 -1 1;0 0 0 0 0 0 0 0 0 1 -8 1 -2
3,19,13,121,1,-2 1 0 0 0 0 0 0 0 0 0 0 0 0;1 -2 1 0 0 0 0 0 0 0 0 0 0 0;0 1 -2 1 0 0 0 0 0 0 0 0 0 0;0 0 1 -2 1 0 0 0 0 0 0 0 0 0;0 0 0 1 -2 1 0 0 0 0 0 0 0 0;0 0 0 0 1 -2 1 0 0 0 0 0 0 0;0 0 0 0 0 1 -2 1 0 0 0 0 0 0;0 0 0 0 0 0 1 -2 1 0 0 0 0 0;0 0 0 0 0 0 0 1 -2 1 0 0 0 0;0 0 0 0 0 0 0 0 1 -2 1 0 0 0;0 0 0 0 0 0 0 0 0 1 -1 1 1 1;0 0 0 0 0 0 0 0 0 0 1 -11 0 -9;0 0 0 0 0 0 0 0 0 0 1 0 -1 1;0 0 0 0 0 0 0 0 0 0 1 -9 1 -3
3,20,14,-144,1,-2 1 0 0 0 0 0 0 0 0 0 0 0 0 0;1 -2 1 0 0 0 0 0 0 0 0 0 0 0 0;0 1 -2 1 0 0 0 0 0 0 0 0 0 0 0;0 0 1 -2 1 0 0 0 0 0 0 0 0 0 0;0 0 0 1 -2 1 0 0 0 0 0 0 0 0 0;0 0 0 0 1 -2 1 0 0 0 0 0 0 0 0;0 0 0 0 0 1 -2 1 0 0 0 0 0 0 0;0 0 0 0 0 0 1 -2 1 0 0 0 0 0 0;0 0 0 0 0 0 0 1 -2 1 0 0 0 0 0;0 0 0 0 0 0 0 0 1 -2 1 0 0 0 0;0 0 0 0 0 0 0 0 0 1 -2 1 0 0 0;0 0 0 0 0 0 0 0 0 0 1 -1 1 1 1;0 0 0 0 0 0 0 0 0 0 0 1 -12 0 -10;0 0 0 0 0 0 0 0 0 0 0 1 0 -1 1;0 0 0 0 0 0 0 0 0 0 0 1 -10 1 -4
3,21,2,-1,1,0 1 2;1 -1 1;2 1 8
4,1,10,-1,1,0 1 0 0 0 0 0 0 0 1 2;1 -1 1 0 0 0 0 0 0 0 1;0 1 -3 1 0 0 0 0 0 0 -1;0 0 1 -1 1 0 0 0 0 0 1;0 0 0 1 -4 1 0 0 0 0 -2;0 0 0 0 1 -1 1 0 0 0 1;0 0 0 0 0 1 -3 1 0 0 -1;0 0 0 0 0 0 1 -1 1 0 1;0 0 0 0 0 0 0 1 -6 0 -4;1 0 0 0 0 0 0 0 0 -1 1;2 1 -1 1 -2 1 -1 1 -4 1 0
4,21,4,-1,1,0 1 0 0 2;1 -2 1 0 0;0 1 -2 1 0;0 0 1 -1 1;2 0 0 1 6
5,1,3,1,1,-1 1 1 1;1 0 0 2;1 0 -1 1;1 2 1 7
5,3,3,4,1,-3 1 0 -1;1 0 1 2;0 1 -1 1;-1 2 1 7
5,4,6,-25,1,-3 1 0 0 0 0 -1;1 -3 1 0 0 0 -1;0 1 -1 1 0 1 1;0 0 1 -2 1 0 0;0 0 0 1 -2 0 0;0 0 1 0 0 -1 1;-1 -1 1 0 0 1 4
7,8,4,-4,1,-4 1 0 0 -2;1 0 1 1 2;0 1 0 0 2;0 1 0 -1 1;-2 2 2 1 6
7,16,4,-4,1,0 1 0 0 2;1 -2 1 1 0;0 1 -4 0 -2;0 1 0 -1 1;2 0 -2 1 6
9,1,3,1,1,-2 1 1 0;1 0 0 2;1 0 -1 1;0 2 1 7
9,3,3,4,1,-3 1 0 -1;1 0 1 2;0 1 -1 1;-1 2 1 7
9,4,6,-25,1,-3 1 0 0 0 0 -1;1 -3 1 0 0 0 -1;0 1 -1 1 0 1 1;0 0 1 -2 1 0 0;0 0 0 1 -2 0 0;0 0 1 0 0 -1 1;-1 -1 1 0 0 1 4
10,1,10,-1,1,0 1 0 0 0 0 0 0 0 1 2;1 -1 1 0 0 0 0 0 0 0 1;0 1 -3 1 0 0 0 0 0 0 -1;0 0 1 -1 1 0 0 0 0 0 1;0 0 0 1 -4 1 0 0 0 0 -2;0 0 0 0 1 -1 1 0 0 0 1;0 0 0 0 0 1 -3 1 0 0 -1;0 0 0 0 0 0 1 -1 1 0 1;0 0 0 0 0 0 0 1 -6 0 -4;1 0 0 0 0 0 0 0 0 -1 1;2 1 -1 1 -2 1 -1 1 -4 1 0
10,24,4,-1,1,0 1 0 0 2;1 -2 1 0 0;0 1 -2 1 0;0 0 1 -1 1;2 0 0 1 6
13,1,6,-9,1,0 1 0 0 0 1 2;1 -1 1 0 0 0 1;0 1 -2 1 0 0 0;0 0 1 -1 1 0 1;0 0 0 1 -12 0 -10;1 0 0 0 0 -1 1;2 1 0 1 -10 1 4
13,25,4,-9,1,0 1 0 0 2;1 -1 1 0 1;0 1 -10 1 -8;0 0 1 -1 1;2 1 -8 1 6
14,1,5,4,1,0 1 0 0 1 2;1 -1 1 0 0 1;0 1 -1 1 0 1;0 0 1 -6 0 -4;1 0 0 0 -1 1;2 1 1 -4 1 5
14,15,4,-9,1,-4 1 0 0 -2;1 0 1 1 2;0 1 -1 0 1;0 1 0 -1 1;-2 2 1 1 6
14,21,4,-9,1,0 1 0 1 2;1 -1 1 0 1;0 1 -5 0 -3;1 0 0 -1 1;2 1 -3 1 6
14,25,4,-4,1,0 1 0 0 2;1 -2 1 0 0;0 1 -5 1 -3;0 0 1 -1 1;2 0 -3 1 6
16,1,13,1,1,0 1 0 0 0 0 0 0 0 0 0 0 1 2;1 -1 1 0 0 0 0 0 0 0 0 0 0 1;0 1 -3 1 0 0 0 0 0 0 0 0 0 -1;0 0 1 -1 1 0 0 0 0 0 0 0 0 1;0 0 0 1 -4 1 0 0 0 0 0 0 0 -2;0 0 0 0 1 -1 1 0 0 0 0 0 0 1;0 0 0 0 0 1 -4 1 0 0 0 0 0 -2;0 0 0 0 0 0 1 -1 1 0 0 0 0 1;0 0 0 0 0 0 0 1 -3 1 0 0 0 -1;0 0 0 0 0 0 0 0 1 -2 1 0 0 0;0 0 0 0 0 0 0 0 0 1 -1 1 0 1;0 0 0 0 0 0 0 0 0 0 1 -8 0 -6;1 0 0 0 0 0 0 0 0 0 0 0 -1 1;2 1 -1 1 -2 1 -2 1 -1 0 1 -6 1 -3
16,27,4,-1,1,0 1 0 0 2;1 -2 1 0 0;0 1 -2 1 0;0 0 1 -1 1;2 0 0 1 6
17,5,4,-9,1,-9 1 0 0 -7;1 0 1 1 2;0 1 0 0 2;0 1 0 -1 1;-7 2 2 1 6
17,23,4,-9,1,0 1 0 0 2;1 -2 1 1 0;0 1 -9 0 -7;0 1 0 -1 1;2 0 -7 1 6
18,15,4,-4,1,-4 1 0 0 -2;1 0 1 1 2;0 1 0 0 2;0 1 0 -1 1;-2 2 2 1 6
18,23,4,-4,1,0 1 0 0 2;1 -2 1 1 0;0 1 -4 0 -2;0 1 0 -1 1;2 0 -2 1 6
19,1,7,4,1,0 1 0 0 0 0 1 2;1 -1 1 0 0 0 0 1;0 1 -2 1 0 0 0 0;0 0 1 -2 1 0 0 0;0 0 0 1 -1 1 0 1;0 0 0 0 1 -8 0 -6;1 0 0 0 0 0 -1 1;2 1 0 0 1 -6 1 3
19,15,4,-9,1,-4 1 0 0 -2;1 0 1 1 2;0 1 -1 0 1;0 1 0 -1 1;-2 2 1 1 6
19,21,4,-9,1,0 1 0 1 2;1 -1 1 0 1;0 1 -5 0 -3;1 0 0 -1 1;2 1 -3 1 6
19,28,4,-4,1,0 1 0 0 2;1 -2 1 0 0;0 1 -5 1 -3;0 0 1 -1 1;2 0 -3 1 6
22,15,4,-4,1,-4 1 0 0 -2;1 0 1 1 2;0 1 0 0 2;0 1 0 -1 1;-2 2 2 1 6
22,23,4,-4,1,0 1 0 0 2;1 -2 1 1 0;0 1 -4 0 -2;0 1 0 -1 1;2 0 -2 1 6
24,1,10,-1,1,0 1 0 0 0 0 0 0 0 1 2;1 -1 1 0 0 0 0 0 0 0 1;0 1 -3 1 0 0 0 0 0 0 -1;0 0 1 -1 1 0 0 0 0 0 1;0 0 0 1 -4 1 0 0 0 0 -2;0 0 0 0 1 -1 1 0 0 0 1;0 0 0 0 0 1 -3 1 0 0 -1;0 0 0 0 0 0 1 -1 1 0 1;0 0 0 0 0 0 0 1 -6 0 -4;1 0 0 0 0 0 0 0 0 -1 1;2 1 -1 1 -2 1 -1 1 -4 1 0
24,31,4,-1,1,0 1 0 0 2;1 -2 1 0 0;0 1 -2 1 0;0 0 1 -1 1;2 0 0 1 6
